{
  "id": "1339584",
  "name": "PMO项目管理",
  "font_family": "pmo-icon",
  "css_prefix_text": "pmo-icon-",
  "description": "",
  "glyphs": [
    {
      "icon_id": "19190899",
      "name": "mpaaslogo",
      "font_class": "logo",
      "unicode": "e60b",
      "unicode_decimal": 58891
    },
    {
      "icon_id": "5730589",
      "name": "IOTX",
      "font_class": "IOTX",
      "unicode": "e6a8",
      "unicode_decimal": 59048
    },
    {
      "icon_id": "4129880",
      "name": "运维应用",
      "font_class": "yunweiyingyong",
      "unicode": "e60a",
      "unicode_decimal": 58890
    },
    {
      "icon_id": "16776144",
      "name": "Monitor",
      "font_class": "Monitor",
      "unicode": "eaaf",
      "unicode_decimal": 60079
    },
    {
      "icon_id": "1729908",
      "name": "flow",
      "font_class": "flow",
      "unicode": "e659",
      "unicode_decimal": 58969
    },
    {
      "icon_id": "15433002",
      "name": "手机银行",
      "font_class": "shoujiyinhang",
      "unicode": "e62a",
      "unicode_decimal": 58922
    },
    {
      "icon_id": "11559848",
      "name": "WeChat微信",
      "font_class": "WeChat",
      "unicode": "e65b",
      "unicode_decimal": 58971
    },
    {
      "icon_id": "13869364",
      "name": "Round Android Color",
      "font_class": "RoundAndroidColor",
      "unicode": "e7a6",
      "unicode_decimal": 59302
    },
    {
      "icon_id": "8105633",
      "name": "nginx",
      "font_class": "nginx",
      "unicode": "e609",
      "unicode_decimal": 58889
    },
    {
      "icon_id": "8642329",
      "name": "BIG DATA",
      "font_class": "BIGDATA",
      "unicode": "e821",
      "unicode_decimal": 59425
    },
    {
      "icon_id": "10911336",
      "name": "项目云盘",
      "font_class": "cloud",
      "unicode": "e61e",
      "unicode_decimal": 58910
    },
    {
      "icon_id": "5715210",
      "name": "演示",
      "font_class": "yanshi",
      "unicode": "e671",
      "unicode_decimal": 58993
    },
    {
      "icon_id": "18887271",
      "name": "文档 (1)",
      "font_class": "wendang1",
      "unicode": "e6fb",
      "unicode_decimal": 59131
    },
    {
      "icon_id": "15035372",
      "name": "产品",
      "font_class": "product",
      "unicode": "e67a",
      "unicode_decimal": 59002
    },
    {
      "icon_id": "3540420",
      "name": "大屏",
      "font_class": "daping",
      "unicode": "e65a",
      "unicode_decimal": 58970
    },
    {
      "icon_id": "19691227",
      "name": "视频",
      "font_class": "shipin",
      "unicode": "e608",
      "unicode_decimal": 58888
    },
    {
      "icon_id": "5041245",
      "name": "字典",
      "font_class": "zidian",
      "unicode": "e74f",
      "unicode_decimal": 59215
    },
    {
      "icon_id": "11231990",
      "name": "support",
      "font_class": "support",
      "unicode": "e7b9",
      "unicode_decimal": 59321
    },
    {
      "icon_id": "13767721",
      "name": "微信",
      "font_class": "weixin",
      "unicode": "e607",
      "unicode_decimal": 58887
    },
    {
      "icon_id": "3197090",
      "name": "maven",
      "font_class": "Neuxs-maven",
      "unicode": "e602",
      "unicode_decimal": 58882
    },
    {
      "icon_id": "13303504",
      "name": "gitlab",
      "font_class": "gitlab",
      "unicode": "e65c",
      "unicode_decimal": 58972
    },
    {
      "icon_id": "13303947",
      "name": "npm",
      "font_class": "npm",
      "unicode": "e685",
      "unicode_decimal": 59013
    },
    {
      "icon_id": "19603816",
      "name": "file_type_vscode",
      "font_class": "file_type_vscode",
      "unicode": "e6d3",
      "unicode_decimal": 59091
    },
    {
      "icon_id": "3776311",
      "name": "search",
      "font_class": "search",
      "unicode": "e60f",
      "unicode_decimal": 58895
    },
    {
      "icon_id": "10359933",
      "name": "video",
      "font_class": "video",
      "unicode": "e746",
      "unicode_decimal": 59206
    },
    {
      "icon_id": "14190594",
      "name": "Nexus私服",
      "font_class": "nexus",
      "unicode": "e61c",
      "unicode_decimal": 58908
    },
    {
      "icon_id": "9454565",
      "name": "人员-组合",
      "font_class": "people",
      "unicode": "e836",
      "unicode_decimal": 59446
    },
    {
      "icon_id": "7417270",
      "name": "内容-未配置",
      "font_class": "unconfig",
      "unicode": "e613",
      "unicode_decimal": 58899
    },
    {
      "icon_id": "12486551",
      "name": "异常状态",
      "font_class": "exception",
      "unicode": "e61b",
      "unicode_decimal": 58907
    },
    {
      "icon_id": "12488380",
      "name": "正常状态",
      "font_class": "normal",
      "unicode": "e61d",
      "unicode_decimal": 58909
    },
    {
      "icon_id": "10706999",
      "name": "SmartAnalysisLogo",
      "font_class": "analysis",
      "unicode": "e601",
      "unicode_decimal": 58881
    },
    {
      "icon_id": "16349948",
      "name": "导入-确认保存",
      "font_class": "save-btn",
      "unicode": "e69b",
      "unicode_decimal": 59035
    },
    {
      "icon_id": "1600292",
      "name": "流程演示",
      "font_class": "presentation",
      "unicode": "e620",
      "unicode_decimal": 58912
    },
    {
      "icon_id": "11802879",
      "name": "版本",
      "font_class": "version",
      "unicode": "e662",
      "unicode_decimal": 58978
    },
    {
      "icon_id": "13237316",
      "name": "待办",
      "font_class": "todo",
      "unicode": "e623",
      "unicode_decimal": 58915
    },
    {
      "icon_id": "14228798",
      "name": "icon_map_doing",
      "font_class": "doing",
      "unicode": "e635",
      "unicode_decimal": 58933
    },
    {
      "icon_id": "16030776",
      "name": "tree-Market",
      "font_class": "market",
      "unicode": "e767",
      "unicode_decimal": 59239
    },
    {
      "icon_id": "12176818",
      "name": "语雀 logo",
      "font_class": "yuque",
      "unicode": "e732",
      "unicode_decimal": 59186
    },
    {
      "icon_id": "15282404",
      "name": "app_monitor",
      "font_class": "trac",
      "unicode": "e606",
      "unicode_decimal": 58886
    },
    {
      "icon_id": "4949691",
      "name": "echarts-pie",
      "font_class": "echarts",
      "unicode": "e605",
      "unicode_decimal": 58885
    },
    {
      "icon_id": "4414956",
      "name": "收藏",
      "font_class": "collection",
      "unicode": "e645",
      "unicode_decimal": 58949
    },
    {
      "icon_id": "10212626",
      "name": "编辑",
      "font_class": "edit",
      "unicode": "e62b",
      "unicode_decimal": 58923
    },
    {
      "icon_id": "15986725",
      "name": "删除",
      "font_class": "del",
      "unicode": "e626",
      "unicode_decimal": 58918
    },
    {
      "icon_id": "13246459",
      "name": "添加",
      "font_class": "add-btn",
      "unicode": "e600",
      "unicode_decimal": 58880
    },
    {
      "icon_id": "14054787",
      "name": "默认",
      "font_class": "default",
      "unicode": "e604",
      "unicode_decimal": 58884
    },
    {
      "icon_id": "10537364",
      "name": "测试",
      "font_class": "test",
      "unicode": "e603",
      "unicode_decimal": 58883
    },
    {
      "icon_id": "12468654",
      "name": "kw-workbench-bg-tow",
      "font_class": "workbench",
      "unicode": "e678",
      "unicode_decimal": 59000
    },
    {
      "icon_id": "8054070",
      "name": "menu",
      "font_class": "menu",
      "unicode": "e646",
      "unicode_decimal": 58950
    }
  ]
}
