{

    "menu":[{
        "id":"product",
        "name":"开发工具产品"
    },{
        "id":"application",
        "name":"应用产品"
    },{
        "id":"scene",
        "name":"业务场景-基板"
    },{
        "id":"demo",
        "name":"案例"
    },{
        "id":"infrastructure",
        "name":"基础设施"
    },{
        "id":"more",
        "name":"更多",
        "type":"link"
    }],
    "product":[{
        "img":"./img/product/afaweb.png",
        "name":"AFAWeb 金融云平台开发工具",
        "version":"2021年1月版",
        "details":"针对一般业务开发人员的快速图形化开发Java应用的开发工具。",
        "date":"最近更新日期：2021-01-31",
        "links":[{
            "name":"演示环境",
            "href":"https://afaweb.awebide.com"
        },{
            "name":"用户手册",
            "href":"https://www.yuque.com/docs/share/0f06f15c-694c-4277-8741-3ab267a3782f?# 《AFAWEB用户手册》"
        },{
            "name":"演示视频",
            "href":""
        },{
            "name":"功能列表",
            "href":"https://www.yuque.com/docs/share/916a0d09-2687-4936-9791-129792d5ab7f?#XX9A 《AFAWeb1.0功能列表》"
        },{
            "name":"更新日志",
            "href":"https://www.yuque.com/docs/share/3f860f19-5f43-4af0-9621-f3aae3b08b38?# 《更新日志》"
        },{
            "name":"问题与反馈",
            "href":"https://www.yuque.com/docs/share/c67df0b6-dffc-40f8-a667-c997b5d34717?# 《问题与反馈》"
        },{
            "name":"常见问题",
            "href":"https://www.yuque.com/docs/share/0ea2f2b5-515a-4e5a-befd-543ea796c015?# 《常见问题》"
        }]

    },{
        "img":"https://www.aui2.cn/webide/user-guide/readme/WebIDE.png",
        "name":"AWEB7 内容展现云开发工具",
        "version":"V19.0",
        "details":"针对一般业务开发人员的快速图形化开发Web应用的开发工具。",
        "date":"最近更新日期：2021-01-27",
        "links":[{
            "name":"演示环境",
            "href":"https://webide-fusion.awebide.com"
        },{
            "name":"用户手册",
            "href":"https://www.aui2.cn/webide/user-guide/"
        },{
            "name":"演示视频",
            "href":"https://pan.awebide.com/d/2b0de574d5ad47419b56/"
        },{
            "name":"功能列表",
            "href":"https://www.aui2.cn/webide/user-guide/function/readme.html"
        },{
            "name":"功能文档",
            "href":"https://pan.awebide.com/f/429e82bb80eb42cb8fae/"
        },{
            "name":"演示文档",
            "href":"https://pan.awebide.com/f/f4a8dfb1e6d447e5ade3/"
        },{
            "name":"更新日志",
            "href":"https://www.aui2.cn/webide/user-guide/version/202101/readme.html"
        },{
            "name":"问题与反馈",
            "href":"https://git.awebide.com/webide-open/user-doc/issues"
        },{
            "name":"常见问题",
            "href":"https://git.aui2.cn/webide-open/user-doc/wikis/%E5%86%85%E5%AE%B9/%E5%B8%B8%E8%A7%81%E5%8A%9F%E8%83%BD%E5%88%97%E8%A1%A8"
        }]
    }],
    "application":[{
        "img":"./img/product/amdp.png",
        "name":"AMDP 移动伴侣（统一开发门户）",
        "version":"V3.0",
        "details":"针对金融场景开发的特点，结合门户能力，深入到开发各个生命周期",
        "date":"最近更新日期：2020-12-31",
        "links":[{
            "name":"演示环境",
            "href":"https://amdp.awebide.com"
        },{
            "name":"用户手册",
            "href":"https://www.aui2.cn/webide/amdp/user-guide/"
        },{
            "name":"演示文档2101",
            "href":"https://pan.awebide.com/f/da9ac66352f946ac9ce8/"
        }],
        "video":[{
            "name":"与AWeb开发结合",
            "href":"https://pan.awebide.com/f/4fc120f19c8e4f13bc2d/"
        },{
            "name":"与AFAWeb开发结合",
            "href":"https://pan.awebide.com/f/368d052fd53f461da837/"
        }]
    },{
        "img":"./img/product/ASC.png",
        "name":"ASC 综合大屏管理系统",
        "version":"V3.0",
        "details":"针对业务人员的快速拼装大屏、编排、控制设备及大屏日常运维运营一体化的综合管理系统。",
        "date":"最近更新日期：2021-01-27",
        "links":[{
            "name":"演示环境",
            "href":"https://screen-dev.aui2.cn"
        },{
            "name":"用户手册",
            "href":"https://www.aui2.cn/webide/large-screen/user-guide/"
        }]
    },{
        "img":"./img/product/mbank.jpg",
        "name":"mBank 手机银行",
        "version":"V3.0",
        "details":"针对业务人员的快速拼装手机银行业务。",
        "date":"最近更新日期：2021-01-27",
        "links":[{
            "name":"开发环境（mBank）",
            "href":"https://webide-fusion.awebide.com/"
        },{
            "name":"运行环境",
            "href":"https://mbank.awebide.com/index-index.html"
        },{
            "name":"用户手册",
            "href":"https://www.aui2.cn/webide/mobile/user-guide/"
        }]
    }],
    "scene":[{
        "img":"./img/product/vda.jpg",
        "name":"监控大屏",
        "version":"V19.0",
        "details":"通过 AWEB 7.0 大屏编辑器，可以流畅地拖拽各种业务场景的大屏。",
        "date":"最近更新日期：2021-01-27",
        "links":[{
            "name":"演示环境",
            "href":"https://screen-dev.aui2.cn"
        },{
            "name":"用户手册",
            "href":"https://www.aui2.cn/webide/vda/user-guide/"
        }]
    }],
    "demo":[{
        "img":"./img/product/ASC.png",
        "name":"ASC 综合大屏管理系统",
        "version":"V3.0",
        "details":"针对业务人员的快速拼装大屏、编排、控制设备及大屏日常运维运营一体化的综合管理系统。",
        "date":"最近更新日期：2021-01-27",
        "links":[{
            "name":"演示环境",
            "href":"https://screen-dev.aui2.cn"
        },{
            "name":"用户手册",
            "href":"https://www.aui2.cn/webide/large-screen/user-guide/"
        }]
    }],
    "infrastructure":[{
        "img":"./img/product/ARM.png",
        "name":"ARM 资源市场",
        "version":"V3.0",
        "details":"针对业务人员的快速拼装大屏、编排、控制设备及大屏日常运维运营一体化的综合管理系统。",
        "date":"最近更新日期：2021-01-27",
        "links":[{
            "name":"访问地址",
            "href":"http://market.awebide.com/"
        },{
            "name":"用户手册",
            "href":"https://www.aui2.cn/market/user-guide/"
        },{
            "name":"演示PPT",
            "href":"https://pan.awebide.com/f/7a9c0e750106433bba0e/"
        }]
    },{
        "img":"./img/product/vue-admin.png",
        "name":"AWEB Vue SPA 7.0",
        "version":"V7.1.10",
        "details":"AWEB Vue SPA 是一个集成多项便捷的配置并具有优秀运行性能，兼容各大浏览器的前端项目模板。适用于pc端和移动端项目开发。它基于 vue 实现，使用了最新的前端技术栈。内置了备选的经典pc管理端登录页和首页，动态路由，权限管理，用户管理，主题配置等基础模板。它可以帮助你快速搭建企业级中后台产品原型或其他。",
        "date":"最近更新日期：2020-12-29",
        "links":[{
            "name":"访问地址(admin123/admin123)",
            "href":"https://vue.awebide.com/manual/"
        },{
            "name":"用户手册",
            "href":"https://www.aui2.cn/vue-spa/user-guide/"
        },{
            "name":"更新日志",
            "href":"https://market.aui2.cn/package/@v2-lib/vue.spa.plugin"
        }]
    }],
    "more":[{
        "img":"./img/product/aweb5.png",
        "name":"AWEBIDE 5",
        "version":"V5",
        "details":"后台基于 SpringMVC 框架、前端基于 jQuery 和 require.js 搭建起来的单页应用的开发工具、运行平台。",
        "date":"最近更新日期：2019-10-10",
        "links":[{
            "name":"演示环境",
            "href":"https://aweb5.awebide.com"
        },{
            "name":"用户手册",
            "href":"https://www.aui2.cn/awebide/user-guide/"
        },{
            "name":"演示视频",
            "href":"https://www.aui2.cn/awebide/user-guide/showdoc/content/438.html"
        },{
            "name":"功能列表",
            "href":"https://dev.awebide.com/showdoc/index.php/26?page_id=433"
        },{
            "name":"更新日志",
            "href":"https://git.awebide.com/groups/awebfe/-/milestones?sort=due_date_desc&state=all"
        },{
            "name":"问题与反馈",
            "href":"https://git.awebide.com/groups/awebfe/-/issues?scope=all&utf8=%E2%9C%93&state=all"
        },{
            "name":"常见问题",
            "href":"https://git.awebide.com/awebfe/aweb-ide/user-guide/wikis/%E5%85%B6%E4%BB%96%E5%B8%B8%E7%94%A8%E5%8A%9F%E8%83%BD%E7%9B%AE%E5%BD%95"
        }]
    },{
        "img":"./img/product/aweb21.png",
        "name":"AWEB 2.1",
        "version":"V2.1",
        "details":"后台基于 SpringMVC 框架、前端基于 jQuery 和 require.js 搭建起来的单页应用运行平台。",
        "date":"最近更新日期：2015-07-23",
        "links":[{
            "name":"演示环境",
            "href":"https://aweb2.awebide.com"
        },{
            "name":"开发手册",
            "href":"https://aweb2.awebide.com"
        },{
            "name":"部署教程",
            "href":"https://dev.awebide.com/showdoc/index.php/26?page_id=423"
        }]
    }],
    "link":[{
        "name":"AWEB 开发者中心(Showdoc)",
        "href":"https://dev.awebide.com/"
    },{
        "name":"新人入职培训（前端，旧版）",
        "href":"https://www.aui2.cn/training/basic/index.html"
    },{
        "name":"VSCode 插件开发",
        "href":"https://www.aui2.cn/vscode/dev-guide/index.html"
    }]
}