[{
    "catalog":"AWEB 社区",
    "children":[{
        "name":"首页",
        "href":"http://www.awebide.com"
    },{
        "name":""
    }]
},{
    "catalog":"AWEB 2.1",
    "children":[{
        "name":"演示及开发",
        "href":"https://aweb2.awebide.com/",
        "git":"https://git.awebide.com/awebfe/aweb-21/user-guide"
    }]
},{
    "catalog":"AWEB 5",
    "children":[{
        "name":"管理端案例",
        "href":"https://pc.awebide.com",
        "git":"https://git.awebide.com/awebfe/aweb-demo/pc"
    },{
        "name":"监控端案例",
        "href":"https://monitor.awebide.com",
        "git":"https://git.awebide.com/awebfe/aweb-demo/monitor"
    },{
        "name":"Excel 案例",
        "git":"https://git.awebide.com/awebfe/aweb-demo/excel"
    },{
        "name":"打印案例",
        "href":"https://print.awebide.com",
        "git":"https://git.awebide.com/awebfe/aweb-demo/print"
    },{
        "name":"移动端案例",
        "href":"https://mobile.awebide.com",
        "git":"https://git.awebide.com/awebfe/aweb-demo/mobile"
    },{
        "name":"PDF案例",
        "git":"https://git.awebide.com/awebfe/aweb-demo/pdf"
    },{
        "name":"市场支持与定制",
        "git":"https://git.awebide.com/awebfe/market-support"
    }]
}]